feed_0,feed_1,feed_2,feed_3,feed_4,p_ref,definitely_liquidatable,definitely_healthy
80515.72063708531,80539.29922226348,80565.55946181269,80512.84396487875,80512.84445741198,80519.86856612045,False,False
80586.19155449489,80549.08428104225,80579.44531392788,80549.26598183592,80549.19662001319,80563.1685126203,False,False
80452.28008352291,80457.93095588725,80492.80986498541,80479.2935572526,80519.1059108405,80509.67849086264,False,False
80421.3099259391,80507.64850004681,80456.90574796456,80465.70488311979,80420.93659139275,80463.67903697916,False,False
80481.55236871028,80443.69488369631,80489.49563156936,80460.20553032141,80469.47387852518,80478.22469101899,False,False
80531.50008104609,80475.52681876869,80444.20040764214,80500.60808287392,80439.3064260117,80475.93173551082,False,False
80449.56444008379,80468.50896233323,80514.26038087627,80530.50854120005,80513.4955922359,80508.35454380019,False,False
80486.3409578368,80451.01840899345,80473.77874245263,80481.55490557569,80527.08773549105,80495.37406870448,False,False
80460.85352692187,80523.46725066459,80502.19226317026,80493.43707157357,80532.09502024797,80513.74473158274,False,False
80569.17838447333,80516.06345520317,80531.9636096243,80551.17788384196,80570.50633471351,80541.23998089985,False,False
80475.26326118628,80447.642981266,80444.94683176377,80505.20880515802,80521.52023134331,80480.83303048619,False,False
80527.22558207354,80507.96867588822,80477.76600249863,80507.96146330204,80543.26069213076,80497.11959513678,False,False
80545.50626811002,80419.97460531292,80523.22403356686,80501.17837048275,80489.59673792163,80498.56695843561,False,False
80444.0433636234,80497.08027442629,80514.38380820677,80548.00725240367,80488.1223245132,80503.67043106142,False,False
80452.60754457673,80495.12231941533,80477.52278917407,80451.76744977126,80483.05827887767,80467.66025588427,False,False
80532.9424516899,80482.8215091576,80494.05323757598,80492.11985737995,80459.97765352995,80503.88310197392,False,False
80519.67646924798,80511.99821478185,80504.80719708133,80469.38368882108,80499.22545139963,80511.84481108258,False,False
80462.22310126228,80481.45284798896,80498.41294504337,80542.87699637524,80491.52875372389,80486.29141933893,False,False
80508.06863815592,80452.73887916995,80509.50659936544,80512.10892192714,80584.19927900347,80510.30201562891,False,False
80501.35198167876,80491.26420831759,80457.24522028017,80526.5902458442,80514.86355238935,80492.30556140875,False,False
80504.35965423788,80573.7251072098,80489.58574599795,80549.24699069573,80597.35494665602,80531.64127788172,False,False
80443.38961510669,80463.36808794741,80445.2742773713,80413.8586440628,80462.43543623896,80460.37854699478,False,False
80471.71562437,80429.92512442394,80504.00588360148,80434.01025268086,80447.84600596478,80457.50785145095,False,False
80495.61475920177,80539.36448673291,80571.75497132326,80484.31619165796,80538.07970445076,80532.54068869479,False,False
80533.84999792326,80473.2867904436,80470.78161337742,80526.05355873845,80519.30485196694,80510.39531176994,False,False
80520.41316029875,80489.61897236647,80516.98732492866,80518.81188821279,80488.58917147304,80510.01971401383,False,False
80588.84596807313,80538.8918755297,80594.3275887048,80545.39053033896,80598.24351855805,80574.63098044579,False,False
80521.72335360973,80575.24510703763,80558.72725096838,80571.00562796013,80603.24761263991,80546.34382316029,False,False
80467.57239042917,80463.49904247111,80465.71016681092,80487.87142407746,80500.41903460439,80490.18447535989,False,False
80535.88312944428,80511.45768872954,80554.67365428792,80503.12792697606,80592.67270697089,80511.0676319732,False,False
80499.3119672181,80492.89991896876,40038.59779321946,61982.12297717393,80546.44670873336,80525.0266939106,False,False
80516.74463760323,80493.52569344088,39878.81222202513,61964.27880383464,80544.62146881265,80518.92950498294,False,False
80471.19158640385,80513.75917754073,40030.825390378304,61929.29140510391,80513.17550294357,80508.5637497652,False,False
80468.03923980292,80513.06196954829,40044.86276210946,62086.644099454024,80533.94241029889,80502.32834873784,False,False
80416.75847408426,80460.34428329798,40041.102876072975,62041.20381490448,80560.47517000136,80444.89322528172,False,False
80556.90258963314,80551.45567333252,40052.111300104465,61974.77846042877,80545.60469704252,80522.83562042772,False,False
80461.9824332163,80454.52608498363,40006.549931150905,62185.172685333884,80413.06903564074,80469.0869914185,False,False
80479.06893147928,80513.29245164129,40087.11604775739,62005.142401527635,80495.11806427709,80527.45040761498,False,False
80491.77578409764,80449.47685267808,40017.31668716656,62003.645747192306,80451.83984120142,80471.3878516296,False,False
80604.77533424256,80525.00348597328,40014.916345181555,61947.05708281853,80611.3307636169,80585.75776357301,False,False
80464.85707721868,80483.4487888321,40069.26041553361,61903.97628743554,80458.26413338746,80468.29917046269,False,False
80461.40231057635,80533.96581476199,40032.39853687688,61899.129283653194,80508.53804596521,80481.00218755356,False,False
80615.86020569704,80539.30514890188,39961.2612741707,62101.35289193493,80563.65616391195,80584.88624788051,False,False
80540.99179872873,80489.9448629785,39995.23797151505,61740.69861279448,80487.02114788581,80517.75277712585,False,False
80452.46377848533,80538.86961306221,39885.58868976315,61964.79644106424,80493.81949126285,80489.89727394427,False,False
80001.0,80000.0,79999.0,79996.0,85000.0,80808.0,False,True
80001.0,80000.0,79999.0,79996.0,85000.0,80808.0,False,True
80001.0,80000.0,79999.0,79996.0,85000.0,80808.0,False,True
80001.0,80000.0,79999.0,79996.0,85000.0,80808.0,False,True
80001.0,80000.0,79999.0,79996.0,85000.0,80808.0,False,True
64472.06366445331,64328.20689244103,64458.15818760775,64400.51165305098,64350.924567447604,64400.0,True,False
64101.105173713164,64087.952984778676,64047.98915614206,64081.490104249504,64058.73432015691,64078.0,True,False
63761.675867262566,63789.10653372605,63835.30084080727,63694.10922505866,63862.65166873281,63756.0,True,False
63336.39561002387,63426.41074524822,63463.41586032423,63448.04959338675,63402.86502400897,63434.0,True,False
63101.59388748214,63087.34995326706,63082.53176215279,63154.48010485105,63129.850774298255,63112.0,True,False
62755.354520236964,62834.97999377166,62805.36497604383,62830.64310594195,62821.48144209618,62790.0,True,False
62426.550249453896,62439.990947990154,62505.36468025616,62498.51851327167,62466.954920301796,62468.0,True,False
62151.86636916544,62209.883244789424,62116.421430558206,62173.3548690585,62135.890367378306,62146.0,True,False
61813.11593983864,61878.93884259936,61865.270817449404,61864.67548180003,61889.273940357714,61824.0,True,False
61503.05019208164,61536.09764856475,61486.486662170326,61518.20831762442,61495.49284728162,61502.0,True,False
61184.849798249634,61209.75785127185,61139.088965838324,61284.61936378427,61129.699130925015,61180.0,True,False
61119.290569360615,61237.905543675006,61219.58313469815,61211.205990852606,61211.417275463216,61180.0,True,False
61179.38766135766,61135.13728142571,61183.79022790969,61146.14191442439,61228.75598667089,61180.0,True,False
61172.647130924895,61138.72514016037,61163.93070791735,61200.646572713784,61151.813772359805,61180.0,True,False
61138.88898022168,61192.184360574596,61192.24832855543,61154.652841231444,61156.448084719086,61180.0,True,False
61191.60249686788,61107.595782925135,61109.626811281174,61144.07778893738,61169.327642414406,61180.0,True,False
61195.5453782799,61253.76781084748,61222.8829811601,61172.00307350183,61179.04918960486,61180.0,True,False
61129.87353176811,61179.07434320038,61165.56706805399,61196.135928016905,61138.638452822386,61180.0,True,False
61205.96732571206,61256.63694565013,61174.56199257716,61200.08558610495,61214.507199585554,61180.0,True,False
61159.938976405705,61191.20462409052,61180.629620039086,61184.88380492744,61141.349510807224,61180.0,True,False
61181.225508712945,61204.89991456227,61252.557180389755,61227.96354130426,61287.65912287558,61180.0,True,False
61141.6326218556,61223.616031836034,61189.16710028692,61289.490146660886,61139.585085732244,61180.0,True,False
61138.01390789096,61150.0303677278,61073.80521378451,61153.71224891596,61142.04336692231,61180.0,True,False
61187.51968932381,61197.08779878886,61273.808541960796,61227.521191909305,61151.15481721688,61180.0,True,False
61135.079266432585,61204.59595857532,61113.98833964897,61271.57293829272,61238.97200603606,61180.0,True,False
63929.83893804308,64021.84914514077,63977.79677855823,64018.36746327501,63933.40014415198,63981.23297391581,True,False
63976.1823100734,63977.434416894794,63962.52303493747,63994.71049705227,63943.99638620037,63976.02499908185,True,False
63997.91368955051,64009.737985620915,64015.653266941816,63960.56555784401,63948.28139547708,63994.30482059915,True,False
64061.07649323533,64028.65247677924,64097.64163214161,64054.57731190472,64086.48598839785,64051.10707287594,True,False
64064.52317700286,64055.360964529704,63995.231814802035,64031.847867785036,64022.062017743956,64002.700739256405,True,False
64025.79755848389,64075.32680610125,64086.49799690678,64001.9830777086,64019.24750692132,64054.745262301294,True,False
63910.34850785626,63939.956980563475,63963.50142445248,63920.65355630219,63967.28917925673,63918.430712889596,True,False
63893.69446849075,63943.12951070451,63956.317905139585,63943.81509922859,63882.77267867021,63944.79594167141,True,False
63957.30111340434,64016.52537488439,64007.433145802395,63968.23880482966,63981.01919089939,63996.43519841949,True,False
63955.75108620625,63986.28572873948,63928.05967773438,63972.75285458998,63941.72373057327,63957.631459124445,True,False
63965.074175910864,63937.227817036925,63951.67560754909,63932.348749931836,64027.226840696996,63968.285086709504,True,False
63980.41877683909,64007.82993940089,63998.04070058814,63994.781454092874,64019.835543080175,64001.41054207887,True,False
64014.385273973574,64013.02576118255,64022.04875748734,63961.24267345983,63984.844576535936,64030.30030840189,True,False
64104.024002102815,64047.20388951109,64071.97167958945,64064.012475334086,64147.04139495143,64054.67497069778,True,False
64040.94546871296,64016.11678323937,63996.58960684966,64050.8869055334,64022.092474098856,64044.78299645738,True,False
63923.71266508882,63910.66341150766,63993.72410066827,63969.559044324575,63942.87067237659,63943.10985161609,True,False
64061.518814785035,64033.359239515754,64104.89148787369,64075.36506686614,64028.08038092581,64059.197765555604,True,False
63966.11790527512,63950.90246094773,64020.171779302604,64049.66895209076,63950.429425662085,63992.38645287666,True,False
64002.99949239397,64007.90500795468,64004.74695174045,63996.599046377225,64023.97441830597,64022.51876946762,True,False
63974.87570011695,63965.25485206008,63959.593553937564,63939.53508548231,63949.45885542651,63966.76199534356,True,False
64045.24316466176,64000.88899168908,64033.19561819591,64052.75726273419,63980.133490599386,64030.21564903303,True,False
64001.855694926824,64038.852367752996,63998.83663299892,63967.587944675266,63972.908134558704,64021.7344076952,True,False
64009.7150729181,63974.79389911333,64021.081171629776,63952.07779599839,63999.941003907035,64001.923397866456,True,False
63932.00426877543,63952.98131214899,63925.74695105098,63940.022685682605,63981.74813628593,63951.5593520095,True,False
64001.995088581025,63943.03311957934,63992.81845055653,64020.17138383881,63902.77499021525,63976.92432521907,True,False
