fuzz_run_id,test_name,gas_consumed,reverted,evm_panic
1,testFuzz_NeverRevertsOnArbitraryPrices,9842,False,False
2,testFuzz_NeverRevertsOnArbitraryPrices,10720,False,False
3,testFuzz_NeverRevertsOnArbitraryPrices,10963,False,False
4,testFuzz_NeverRevertsOnArbitraryPrices,11235,False,False
5,testFuzz_NeverRevertsOnArbitraryPrices,10690,False,False
6,testFuzz_NeverRevertsOnArbitraryPrices,10690,False,False
7,testFuzz_NeverRevertsOnArbitraryPrices,11252,False,False
8,testFuzz_NeverRevertsOnArbitraryPrices,11000,False,False
9,testFuzz_NeverRevertsOnArbitraryPrices,10617,False,False
10,testFuzz_NeverRevertsOnArbitraryPrices,10931,False,False
11,testFuzz_NeverRevertsOnArbitraryPrices,10619,False,False
12,testFuzz_NeverRevertsOnArbitraryPrices,10618,False,False
13,testFuzz_NeverRevertsOnArbitraryPrices,10838,False,False
14,testFuzz_NeverRevertsOnArbitraryPrices,10169,False,False
15,testFuzz_NeverRevertsOnArbitraryPrices,10228,False,False
16,testFuzz_NeverRevertsOnArbitraryPrices,10588,False,False
17,testFuzz_NeverRevertsOnArbitraryPrices,10449,False,False
18,testFuzz_NeverRevertsOnArbitraryPrices,10860,False,False
19,testFuzz_NeverRevertsOnArbitraryPrices,10481,False,False
20,testFuzz_NeverRevertsOnArbitraryPrices,10325,False,False
21,testFuzz_NeverRevertsOnArbitraryPrices,11217,False,False
22,testFuzz_NeverRevertsOnArbitraryPrices,10693,False,False
23,testFuzz_NeverRevertsOnArbitraryPrices,10783,False,False
24,testFuzz_NeverRevertsOnArbitraryPrices,10321,False,False
25,testFuzz_NeverRevertsOnArbitraryPrices,10594,False,False
26,testFuzz_NeverRevertsOnArbitraryPrices,10797,False,False
27,testFuzz_NeverRevertsOnArbitraryPrices,10406,False,False
28,testFuzz_NeverRevertsOnArbitraryPrices,10879,False,False
29,testFuzz_NeverRevertsOnArbitraryPrices,10576,False,False
30,testFuzz_NeverRevertsOnArbitraryPrices,10672,False,False
31,testFuzz_NeverRevertsOnArbitraryPrices,10576,False,False
32,testFuzz_NeverRevertsOnArbitraryPrices,11337,False,False
33,testFuzz_NeverRevertsOnArbitraryPrices,10758,False,False
34,testFuzz_NeverRevertsOnArbitraryPrices,10435,False,False
35,testFuzz_NeverRevertsOnArbitraryPrices,11017,False,False
36,testFuzz_NeverRevertsOnArbitraryPrices,10384,False,False
37,testFuzz_NeverRevertsOnArbitraryPrices,10827,False,False
38,testFuzz_NeverRevertsOnArbitraryPrices,10155,False,False
39,testFuzz_NeverRevertsOnArbitraryPrices,10351,False,False
40,testFuzz_NeverRevertsOnArbitraryPrices,10824,False,False
41,testFuzz_NeverRevertsOnArbitraryPrices,10991,False,False
42,testFuzz_NeverRevertsOnArbitraryPrices,10816,False,False
43,testFuzz_NeverRevertsOnArbitraryPrices,10727,False,False
44,testFuzz_NeverRevertsOnArbitraryPrices,10669,False,False
45,testFuzz_NeverRevertsOnArbitraryPrices,10304,False,False
46,testFuzz_NeverRevertsOnArbitraryPrices,10539,False,False
47,testFuzz_NeverRevertsOnArbitraryPrices,10620,False,False
48,testFuzz_NeverRevertsOnArbitraryPrices,11090,False,False
49,testFuzz_NeverRevertsOnArbitraryPrices,10869,False,False
50,testFuzz_NeverRevertsOnArbitraryPrices,10216,False,False
51,testFuzz_NeverRevertsOnArbitraryPrices,10863,False,False
52,testFuzz_NeverRevertsOnArbitraryPrices,10643,False,False
53,testFuzz_NeverRevertsOnArbitraryPrices,10553,False,False
54,testFuzz_NeverRevertsOnArbitraryPrices,10952,False,False
55,testFuzz_NeverRevertsOnArbitraryPrices,11082,False,False
56,testFuzz_NeverRevertsOnArbitraryPrices,11051,False,False
57,testFuzz_NeverRevertsOnArbitraryPrices,10502,False,False
58,testFuzz_NeverRevertsOnArbitraryPrices,10667,False,False
59,testFuzz_NeverRevertsOnArbitraryPrices,10865,False,False
60,testFuzz_NeverRevertsOnArbitraryPrices,11065,False,False
61,testFuzz_NeverRevertsOnArbitraryPrices,10614,False,False
62,testFuzz_NeverRevertsOnArbitraryPrices,10705,False,False
63,testFuzz_NeverRevertsOnArbitraryPrices,10420,False,False
64,testFuzz_NeverRevertsOnArbitraryPrices,10392,False,False
65,testFuzz_NeverRevertsOnArbitraryPrices,11014,False,False
66,testFuzz_NeverRevertsOnArbitraryPrices,11183,False,False
67,testFuzz_NeverRevertsOnArbitraryPrices,10740,False,False
68,testFuzz_NeverRevertsOnArbitraryPrices,11074,False,False
69,testFuzz_NeverRevertsOnArbitraryPrices,10875,False,False
70,testFuzz_NeverRevertsOnArbitraryPrices,10563,False,False
71,testFuzz_NeverRevertsOnArbitraryPrices,10875,False,False
72,testFuzz_NeverRevertsOnArbitraryPrices,11239,False,False
73,testFuzz_NeverRevertsOnArbitraryPrices,10751,False,False
74,testFuzz_NeverRevertsOnArbitraryPrices,11248,False,False
75,testFuzz_NeverRevertsOnArbitraryPrices,9950,False,False
76,testFuzz_NeverRevertsOnArbitraryPrices,11017,False,False
77,testFuzz_NeverRevertsOnArbitraryPrices,10789,False,False
78,testFuzz_NeverRevertsOnArbitraryPrices,10670,False,False
79,testFuzz_NeverRevertsOnArbitraryPrices,10791,False,False
80,testFuzz_NeverRevertsOnArbitraryPrices,10146,False,False
81,testFuzz_NeverRevertsOnArbitraryPrices,10694,False,False
82,testFuzz_NeverRevertsOnArbitraryPrices,10873,False,False
83,testFuzz_NeverRevertsOnArbitraryPrices,11221,False,False
84,testFuzz_NeverRevertsOnArbitraryPrices,10602,False,False
85,testFuzz_NeverRevertsOnArbitraryPrices,10512,False,False
86,testFuzz_NeverRevertsOnArbitraryPrices,10607,False,False
87,testFuzz_NeverRevertsOnArbitraryPrices,11046,False,False
88,testFuzz_NeverRevertsOnArbitraryPrices,10864,False,False
89,testFuzz_NeverRevertsOnArbitraryPrices,10598,False,False
90,testFuzz_NeverRevertsOnArbitraryPrices,10922,False,False
91,testFuzz_NeverRevertsOnArbitraryPrices,10793,False,False
92,testFuzz_NeverRevertsOnArbitraryPrices,11063,False,False
93,testFuzz_NeverRevertsOnArbitraryPrices,10545,False,False
94,testFuzz_NeverRevertsOnArbitraryPrices,10661,False,False
95,testFuzz_NeverRevertsOnArbitraryPrices,10641,False,False
96,testFuzz_NeverRevertsOnArbitraryPrices,10309,False,False
97,testFuzz_NeverRevertsOnArbitraryPrices,10854,False,False
98,testFuzz_NeverRevertsOnArbitraryPrices,10843,False,False
99,testFuzz_NeverRevertsOnArbitraryPrices,10764,False,False
100,testFuzz_NeverRevertsOnArbitraryPrices,10690,False,False
101,testFuzz_NeverRevertsOnArbitraryPrices,10324,False,False
102,testFuzz_NeverRevertsOnArbitraryPrices,10632,False,False
103,testFuzz_NeverRevertsOnArbitraryPrices,10656,False,False
104,testFuzz_NeverRevertsOnArbitraryPrices,10514,False,False
105,testFuzz_NeverRevertsOnArbitraryPrices,10713,False,False
106,testFuzz_NeverRevertsOnArbitraryPrices,10888,False,False
107,testFuzz_NeverRevertsOnArbitraryPrices,11347,False,False
108,testFuzz_NeverRevertsOnArbitraryPrices,10817,False,False
109,testFuzz_NeverRevertsOnArbitraryPrices,10842,False,False
110,testFuzz_NeverRevertsOnArbitraryPrices,10739,False,False
111,testFuzz_NeverRevertsOnArbitraryPrices,10168,False,False
112,testFuzz_NeverRevertsOnArbitraryPrices,10754,False,False
113,testFuzz_NeverRevertsOnArbitraryPrices,10781,False,False
114,testFuzz_NeverRevertsOnArbitraryPrices,11526,False,False
115,testFuzz_NeverRevertsOnArbitraryPrices,10703,False,False
116,testFuzz_NeverRevertsOnArbitraryPrices,10856,False,False
117,testFuzz_NeverRevertsOnArbitraryPrices,10752,False,False
118,testFuzz_NeverRevertsOnArbitraryPrices,10400,False,False
119,testFuzz_NeverRevertsOnArbitraryPrices,11117,False,False
120,testFuzz_NeverRevertsOnArbitraryPrices,10996,False,False
121,testFuzz_NeverRevertsOnArbitraryPrices,11008,False,False
122,testFuzz_NeverRevertsOnArbitraryPrices,10481,False,False
123,testFuzz_NeverRevertsOnArbitraryPrices,11197,False,False
124,testFuzz_NeverRevertsOnArbitraryPrices,10328,False,False
125,testFuzz_NeverRevertsOnArbitraryPrices,10944,False,False
126,testFuzz_NeverRevertsOnArbitraryPrices,11442,False,False
127,testFuzz_NeverRevertsOnArbitraryPrices,10455,False,False
128,testFuzz_NeverRevertsOnArbitraryPrices,10587,False,False
129,testFuzz_NeverRevertsOnArbitraryPrices,10793,False,False
130,testFuzz_NeverRevertsOnArbitraryPrices,10606,False,False
131,testFuzz_NeverRevertsOnArbitraryPrices,10282,False,False
132,testFuzz_NeverRevertsOnArbitraryPrices,10784,False,False
133,testFuzz_NeverRevertsOnArbitraryPrices,10433,False,False
134,testFuzz_NeverRevertsOnArbitraryPrices,10909,False,False
135,testFuzz_NeverRevertsOnArbitraryPrices,10477,False,False
136,testFuzz_NeverRevertsOnArbitraryPrices,11243,False,False
137,testFuzz_NeverRevertsOnArbitraryPrices,10520,False,False
138,testFuzz_NeverRevertsOnArbitraryPrices,10663,False,False
139,testFuzz_NeverRevertsOnArbitraryPrices,11015,False,False
140,testFuzz_NeverRevertsOnArbitraryPrices,10381,False,False
141,testFuzz_NeverRevertsOnArbitraryPrices,10833,False,False
142,testFuzz_NeverRevertsOnArbitraryPrices,11168,False,False
143,testFuzz_NeverRevertsOnArbitraryPrices,10264,False,False
144,testFuzz_NeverRevertsOnArbitraryPrices,10820,False,False
145,testFuzz_NeverRevertsOnArbitraryPrices,10843,False,False
146,testFuzz_NeverRevertsOnArbitraryPrices,11005,False,False
147,testFuzz_NeverRevertsOnArbitraryPrices,10379,False,False
148,testFuzz_NeverRevertsOnArbitraryPrices,10353,False,False
149,testFuzz_NeverRevertsOnArbitraryPrices,10924,False,False
150,testFuzz_NeverRevertsOnArbitraryPrices,10855,False,False
151,testFuzz_NeverRevertsOnArbitraryPrices,10840,False,False
152,testFuzz_NeverRevertsOnArbitraryPrices,10870,False,False
153,testFuzz_NeverRevertsOnArbitraryPrices,10552,False,False
154,testFuzz_NeverRevertsOnArbitraryPrices,10834,False,False
155,testFuzz_NeverRevertsOnArbitraryPrices,10853,False,False
156,testFuzz_NeverRevertsOnArbitraryPrices,10541,False,False
157,testFuzz_NeverRevertsOnArbitraryPrices,11341,False,False
158,testFuzz_NeverRevertsOnArbitraryPrices,10909,False,False
159,testFuzz_NeverRevertsOnArbitraryPrices,10393,False,False
160,testFuzz_NeverRevertsOnArbitraryPrices,10966,False,False
161,testFuzz_NeverRevertsOnArbitraryPrices,10460,False,False
162,testFuzz_NeverRevertsOnArbitraryPrices,11006,False,False
163,testFuzz_NeverRevertsOnArbitraryPrices,11122,False,False
164,testFuzz_NeverRevertsOnArbitraryPrices,10508,False,False
165,testFuzz_NeverRevertsOnArbitraryPrices,11061,False,False
166,testFuzz_NeverRevertsOnArbitraryPrices,10890,False,False
167,testFuzz_NeverRevertsOnArbitraryPrices,11017,False,False
168,testFuzz_NeverRevertsOnArbitraryPrices,11351,False,False
169,testFuzz_NeverRevertsOnArbitraryPrices,10686,False,False
170,testFuzz_NeverRevertsOnArbitraryPrices,10529,False,False
171,testFuzz_NeverRevertsOnArbitraryPrices,10487,False,False
172,testFuzz_NeverRevertsOnArbitraryPrices,10510,False,False
173,testFuzz_NeverRevertsOnArbitraryPrices,10739,False,False
174,testFuzz_NeverRevertsOnArbitraryPrices,10868,False,False
175,testFuzz_NeverRevertsOnArbitraryPrices,10848,False,False
176,testFuzz_NeverRevertsOnArbitraryPrices,11019,False,False
177,testFuzz_NeverRevertsOnArbitraryPrices,10767,False,False
178,testFuzz_NeverRevertsOnArbitraryPrices,11213,False,False
179,testFuzz_NeverRevertsOnArbitraryPrices,10680,False,False
180,testFuzz_NeverRevertsOnArbitraryPrices,11606,False,False
181,testFuzz_NeverRevertsOnArbitraryPrices,10956,False,False
182,testFuzz_NeverRevertsOnArbitraryPrices,10497,False,False
183,testFuzz_NeverRevertsOnArbitraryPrices,10431,False,False
184,testFuzz_NeverRevertsOnArbitraryPrices,10912,False,False
185,testFuzz_NeverRevertsOnArbitraryPrices,10693,False,False
186,testFuzz_NeverRevertsOnArbitraryPrices,10984,False,False
187,testFuzz_NeverRevertsOnArbitraryPrices,10909,False,False
188,testFuzz_NeverRevertsOnArbitraryPrices,10740,False,False
189,testFuzz_NeverRevertsOnArbitraryPrices,10500,False,False
190,testFuzz_NeverRevertsOnArbitraryPrices,10293,False,False
191,testFuzz_NeverRevertsOnArbitraryPrices,10624,False,False
192,testFuzz_NeverRevertsOnArbitraryPrices,11028,False,False
193,testFuzz_NeverRevertsOnArbitraryPrices,10829,False,False
194,testFuzz_NeverRevertsOnArbitraryPrices,10376,False,False
195,testFuzz_NeverRevertsOnArbitraryPrices,10816,False,False
196,testFuzz_NeverRevertsOnArbitraryPrices,10882,False,False
197,testFuzz_NeverRevertsOnArbitraryPrices,10489,False,False
198,testFuzz_NeverRevertsOnArbitraryPrices,10810,False,False
199,testFuzz_NeverRevertsOnArbitraryPrices,10781,False,False
200,testFuzz_NeverRevertsOnArbitraryPrices,10408,False,False
201,testFuzz_NeverRevertsOnArbitraryPrices,10873,False,False
202,testFuzz_NeverRevertsOnArbitraryPrices,10936,False,False
203,testFuzz_NeverRevertsOnArbitraryPrices,11098,False,False
204,testFuzz_NeverRevertsOnArbitraryPrices,11089,False,False
205,testFuzz_NeverRevertsOnArbitraryPrices,10335,False,False
206,testFuzz_NeverRevertsOnArbitraryPrices,10472,False,False
207,testFuzz_NeverRevertsOnArbitraryPrices,10922,False,False
208,testFuzz_NeverRevertsOnArbitraryPrices,10922,False,False
209,testFuzz_NeverRevertsOnArbitraryPrices,10922,False,False
210,testFuzz_NeverRevertsOnArbitraryPrices,11681,False,False
211,testFuzz_NeverRevertsOnArbitraryPrices,10939,False,False
212,testFuzz_NeverRevertsOnArbitraryPrices,11115,False,False
213,testFuzz_NeverRevertsOnArbitraryPrices,11058,False,False
214,testFuzz_NeverRevertsOnArbitraryPrices,10964,False,False
215,testFuzz_NeverRevertsOnArbitraryPrices,10665,False,False
216,testFuzz_NeverRevertsOnArbitraryPrices,10998,False,False
217,testFuzz_NeverRevertsOnArbitraryPrices,10523,False,False
218,testFuzz_NeverRevertsOnArbitraryPrices,10689,False,False
219,testFuzz_NeverRevertsOnArbitraryPrices,10612,False,False
220,testFuzz_NeverRevertsOnArbitraryPrices,10788,False,False
221,testFuzz_NeverRevertsOnArbitraryPrices,11480,False,False
222,testFuzz_NeverRevertsOnArbitraryPrices,10184,False,False
223,testFuzz_NeverRevertsOnArbitraryPrices,10975,False,False
224,testFuzz_NeverRevertsOnArbitraryPrices,10263,False,False
225,testFuzz_NeverRevertsOnArbitraryPrices,10616,False,False
226,testFuzz_NeverRevertsOnArbitraryPrices,11100,False,False
227,testFuzz_NeverRevertsOnArbitraryPrices,10782,False,False
228,testFuzz_NeverRevertsOnArbitraryPrices,10428,False,False
229,testFuzz_NeverRevertsOnArbitraryPrices,10541,False,False
230,testFuzz_NeverRevertsOnArbitraryPrices,10973,False,False
231,testFuzz_NeverRevertsOnArbitraryPrices,10536,False,False
232,testFuzz_NeverRevertsOnArbitraryPrices,10830,False,False
233,testFuzz_NeverRevertsOnArbitraryPrices,10777,False,False
234,testFuzz_NeverRevertsOnArbitraryPrices,10561,False,False
235,testFuzz_NeverRevertsOnArbitraryPrices,11427,False,False
236,testFuzz_NeverRevertsOnArbitraryPrices,10959,False,False
237,testFuzz_NeverRevertsOnArbitraryPrices,10135,False,False
238,testFuzz_NeverRevertsOnArbitraryPrices,10820,False,False
239,testFuzz_NeverRevertsOnArbitraryPrices,10557,False,False
240,testFuzz_NeverRevertsOnArbitraryPrices,11027,False,False
241,testFuzz_NeverRevertsOnArbitraryPrices,10517,False,False
242,testFuzz_NeverRevertsOnArbitraryPrices,10727,False,False
243,testFuzz_NeverRevertsOnArbitraryPrices,10919,False,False
244,testFuzz_NeverRevertsOnArbitraryPrices,11031,False,False
245,testFuzz_NeverRevertsOnArbitraryPrices,10390,False,False
246,testFuzz_NeverRevertsOnArbitraryPrices,10659,False,False
247,testFuzz_NeverRevertsOnArbitraryPrices,10615,False,False
248,testFuzz_NeverRevertsOnArbitraryPrices,10560,False,False
249,testFuzz_NeverRevertsOnArbitraryPrices,11310,False,False
250,testFuzz_NeverRevertsOnArbitraryPrices,10888,False,False
251,testFuzz_NeverRevertsOnArbitraryPrices,10372,False,False
252,testFuzz_NeverRevertsOnArbitraryPrices,11047,False,False
253,testFuzz_NeverRevertsOnArbitraryPrices,11420,False,False
254,testFuzz_NeverRevertsOnArbitraryPrices,11083,False,False
255,testFuzz_NeverRevertsOnArbitraryPrices,10291,False,False
256,testFuzz_NeverRevertsOnArbitraryPrices,11681,False,False
