u_min,r_min,M_bps,Q_min,Delta,cost
5,4,25,2000000,15,3.75
5,4,25,1000000,15,4.25
5,4,25,2000000,30,4.5
5,4,25,1000000,30,5.0
5,4,25,500000,15,5.25
5,4,25,500000,30,6.0
5,4,25,2000000,60,6.0
5,4,50,2000000,15,6.25
5,4,25,1000000,60,6.5
5,4,50,1000000,15,6.75
5,4,50,2000000,30,7.0
5,4,25,500000,60,7.5
5,4,50,1000000,30,7.5
5,4,50,500000,15,7.75
5,4,50,500000,30,8.5
5,4,50,2000000,60,8.5
5,4,75,2000000,15,8.75
5,4,25,2000000,120,9.0
5,4,50,1000000,60,9.0
5,4,75,1000000,15,9.25
5,4,25,1000000,120,9.5
5,4,75,2000000,30,9.5
5,4,50,500000,60,10.0
5,4,75,1000000,30,10.0
5,4,75,500000,15,10.25
5,4,25,500000,120,10.5
5,4,75,500000,30,11.0
5,4,75,2000000,60,11.0
5,4,100,2000000,15,11.25
5,4,50,2000000,120,11.5
5,4,75,1000000,60,11.5
5,4,100,1000000,15,11.75
5,4,50,1000000,120,12.0
5,4,100,2000000,30,12.0
5,4,75,500000,60,12.5
5,4,100,1000000,30,12.5
5,4,100,500000,15,12.75
5,4,50,500000,120,13.0
5,4,25,100000,15,13.25
5,4,100,500000,30,13.5
5,4,100,2000000,60,13.5
4,4,25,2000000,15,13.75
5,3,25,2000000,15,13.75
5,4,25,100000,30,14.0
5,4,75,2000000,120,14.0
5,4,100,1000000,60,14.0
4,4,25,1000000,15,14.25
5,3,25,1000000,15,14.25
4,4,25,2000000,30,14.5
5,3,25,2000000,30,14.5
5,4,75,1000000,120,14.5
4,4,25,1000000,30,15.0
5,3,25,1000000,30,15.0
5,4,100,500000,60,15.0
4,4,25,500000,15,15.25
5,3,25,500000,15,15.25
5,4,25,100000,60,15.5
5,4,75,500000,120,15.5
5,4,50,100000,15,15.75
4,4,25,500000,30,16.0
4,4,25,2000000,60,16.0
5,3,25,500000,30,16.0
5,3,25,2000000,60,16.0
4,4,50,2000000,15,16.25
5,3,50,2000000,15,16.25
5,4,150,2000000,15,16.25
4,4,25,1000000,60,16.5
5,3,25,1000000,60,16.5
5,4,50,100000,30,16.5
5,4,100,2000000,120,16.5
4,4,50,1000000,15,16.75
5,3,50,1000000,15,16.75
5,4,150,1000000,15,16.75
4,4,50,2000000,30,17.0
5,3,50,2000000,30,17.0
5,4,100,1000000,120,17.0
5,4,150,2000000,30,17.0
4,4,25,500000,60,17.5
4,4,50,1000000,30,17.5
5,3,25,500000,60,17.5
5,3,50,1000000,30,17.5
5,4,150,1000000,30,17.5
4,4,50,500000,15,17.75
5,3,50,500000,15,17.75
5,4,150,500000,15,17.75
5,4,50,100000,60,18.0
5,4,100,500000,120,18.0
5,4,75,100000,15,18.25
4,4,50,500000,30,18.5
4,4,50,2000000,60,18.5
5,3,50,500000,30,18.5
5,3,50,2000000,60,18.5
5,4,25,100000,120,18.5
5,4,150,500000,30,18.5
5,4,150,2000000,60,18.5
4,4,75,2000000,15,18.75
5,3,75,2000000,15,18.75
4,4,25,2000000,120,19.0
4,4,50,1000000,60,19.0
5,3,25,2000000,120,19.0
5,3,50,1000000,60,19.0
5,4,75,100000,30,19.0
5,4,150,1000000,60,19.0
4,4,75,1000000,15,19.25
5,3,75,1000000,15,19.25
4,4,25,1000000,120,19.5
4,4,75,2000000,30,19.5
5,3,25,1000000,120,19.5
5,3,75,2000000,30,19.5
4,4,50,500000,60,20.0
4,4,75,1000000,30,20.0
5,3,50,500000,60,20.0
5,3,75,1000000,30,20.0
5,4,150,500000,60,20.0
4,4,75,500000,15,20.25
5,3,75,500000,15,20.25
4,4,25,500000,120,20.5
5,3,25,500000,120,20.5
5,4,75,100000,60,20.5
5,4,100,100000,15,20.75
4,4,75,500000,30,21.0
4,4,75,2000000,60,21.0
5,3,75,500000,30,21.0
5,3,75,2000000,60,21.0
5,4,50,100000,120,21.0
4,4,100,2000000,15,21.25
5,3,100,2000000,15,21.25
5,4,200,2000000,15,21.25
4,4,50,2000000,120,21.5
4,4,75,1000000,60,21.5
5,3,50,2000000,120,21.5
5,3,75,1000000,60,21.5
5,4,100,100000,30,21.5
5,4,150,2000000,120,21.5
4,4,100,1000000,15,21.75
5,3,100,1000000,15,21.75
5,4,200,1000000,15,21.75
4,4,50,1000000,120,22.0
4,4,100,2000000,30,22.0
5,3,50,1000000,120,22.0
5,3,100,2000000,30,22.0
5,4,150,1000000,120,22.0
5,4,200,2000000,30,22.0
4,4,75,500000,60,22.5
4,4,100,1000000,30,22.5
5,3,75,500000,60,22.5
5,3,100,1000000,30,22.5
5,4,200,1000000,30,22.5
4,4,100,500000,15,22.75
5,3,100,500000,15,22.75
5,4,200,500000,15,22.75
4,4,50,500000,120,23.0
5,3,50,500000,120,23.0
5,4,100,100000,60,23.0
5,4,150,500000,120,23.0
4,4,25,100000,15,23.25
5,3,25,100000,15,23.25
4,4,100,500000,30,23.5
4,4,100,2000000,60,23.5
5,3,100,500000,30,23.5
5,3,100,2000000,60,23.5
5,4,75,100000,120,23.5
5,4,200,500000,30,23.5
5,4,200,2000000,60,23.5
3,4,25,2000000,15,23.75
4,3,25,2000000,15,23.75
5,2,25,2000000,15,23.75
4,4,25,100000,30,24.0
4,4,75,2000000,120,24.0
4,4,100,1000000,60,24.0
5,3,25,100000,30,24.0
5,3,75,2000000,120,24.0
5,3,100,1000000,60,24.0
5,4,200,1000000,60,24.0
3,4,25,1000000,15,24.25
4,3,25,1000000,15,24.25
5,2,25,1000000,15,24.25
3,4,25,2000000,30,24.5
4,3,25,2000000,30,24.5
4,4,75,1000000,120,24.5
5,2,25,2000000,30,24.5
5,3,75,1000000,120,24.5
3,4,25,1000000,30,25.0
4,3,25,1000000,30,25.0
4,4,100,500000,60,25.0
5,2,25,1000000,30,25.0
5,3,100,500000,60,25.0
5,4,200,500000,60,25.0
3,4,25,500000,15,25.25
4,3,25,500000,15,25.25
5,2,25,500000,15,25.25
4,4,25,100000,60,25.5
4,4,75,500000,120,25.5
5,3,25,100000,60,25.5
5,3,75,500000,120,25.5
4,4,50,100000,15,25.75
5,3,50,100000,15,25.75
5,4,150,100000,15,25.75
3,4,25,500000,30,26.0
3,4,25,2000000,60,26.0
4,3,25,500000,30,26.0
4,3,25,2000000,60,26.0
5,2,25,500000,30,26.0
5,2,25,2000000,60,26.0
5,4,100,100000,120,26.0
3,4,50,2000000,15,26.25
4,3,50,2000000,15,26.25
4,4,150,2000000,15,26.25
5,2,50,2000000,15,26.25
5,3,150,2000000,15,26.25
3,4,25,1000000,60,26.5
4,3,25,1000000,60,26.5
4,4,50,100000,30,26.5
4,4,100,2000000,120,26.5
5,2,25,1000000,60,26.5
5,3,50,100000,30,26.5
5,3,100,2000000,120,26.5
5,4,150,100000,30,26.5
5,4,200,2000000,120,26.5
3,4,50,1000000,15,26.75
4,3,50,1000000,15,26.75
4,4,150,1000000,15,26.75
5,2,50,1000000,15,26.75
5,3,150,1000000,15,26.75
3,4,50,2000000,30,27.0
4,3,50,2000000,30,27.0
4,4,100,1000000,120,27.0
4,4,150,2000000,30,27.0
5,2,50,2000000,30,27.0
5,3,100,1000000,120,27.0
5,3,150,2000000,30,27.0
5,4,200,1000000,120,27.0
3,4,25,500000,60,27.5
3,4,50,1000000,30,27.5
4,3,25,500000,60,27.5
4,3,50,1000000,30,27.5
4,4,150,1000000,30,27.5
5,2,25,500000,60,27.5
5,2,50,1000000,30,27.5
5,3,150,1000000,30,27.5
3,4,50,500000,15,27.75
4,3,50,500000,15,27.75
4,4,150,500000,15,27.75
5,2,50,500000,15,27.75
5,3,150,500000,15,27.75
4,4,50,100000,60,28.0
4,4,100,500000,120,28.0
5,3,50,100000,60,28.0
5,3,100,500000,120,28.0
5,4,150,100000,60,28.0
5,4,200,500000,120,28.0
4,4,75,100000,15,28.25
5,3,75,100000,15,28.25
3,4,50,500000,30,28.5
3,4,50,2000000,60,28.5
4,3,50,500000,30,28.5
4,3,50,2000000,60,28.5
4,4,25,100000,120,28.5
4,4,150,500000,30,28.5
4,4,150,2000000,60,28.5
5,2,50,500000,30,28.5
5,2,50,2000000,60,28.5
5,3,25,100000,120,28.5
5,3,150,500000,30,28.5
5,3,150,2000000,60,28.5
3,4,75,2000000,15,28.75
4,3,75,2000000,15,28.75
5,2,75,2000000,15,28.75
3,4,25,2000000,120,29.0
3,4,50,1000000,60,29.0
4,3,25,2000000,120,29.0
4,3,50,1000000,60,29.0
4,4,75,100000,30,29.0
4,4,150,1000000,60,29.0
5,2,25,2000000,120,29.0
5,2,50,1000000,60,29.0
5,3,75,100000,30,29.0
5,3,150,1000000,60,29.0
3,4,75,1000000,15,29.25
4,3,75,1000000,15,29.25
5,2,75,1000000,15,29.25
3,4,25,1000000,120,29.5
3,4,75,2000000,30,29.5
4,3,25,1000000,120,29.5
4,3,75,2000000,30,29.5
5,2,25,1000000,120,29.5
5,2,75,2000000,30,29.5
3,4,50,500000,60,30.0
3,4,75,1000000,30,30.0
4,3,50,500000,60,30.0
4,3,75,1000000,30,30.0
4,4,150,500000,60,30.0
5,2,50,500000,60,30.0
5,2,75,1000000,30,30.0
5,3,150,500000,60,30.0
3,4,75,500000,15,30.25
4,3,75,500000,15,30.25
5,2,75,500000,15,30.25
3,4,25,500000,120,30.5
4,3,25,500000,120,30.5
4,4,75,100000,60,30.5
5,2,25,500000,120,30.5
5,3,75,100000,60,30.5
4,4,100,100000,15,30.75
5,3,100,100000,15,30.75
5,4,200,100000,15,30.75
3,4,75,500000,30,31.0
3,4,75,2000000,60,31.0
4,3,75,500000,30,31.0
4,3,75,2000000,60,31.0
4,4,50,100000,120,31.0
5,2,75,500000,30,31.0
5,2,75,2000000,60,31.0
5,3,50,100000,120,31.0
5,4,150,100000,120,31.0
3,4,100,2000000,15,31.25
4,3,100,2000000,15,31.25
4,4,200,2000000,15,31.25
5,2,100,2000000,15,31.25
5,3,200,2000000,15,31.25
3,4,50,2000000,120,31.5
3,4,75,1000000,60,31.5
4,3,50,2000000,120,31.5
4,3,75,1000000,60,31.5
4,4,100,100000,30,31.5
4,4,150,2000000,120,31.5
5,2,50,2000000,120,31.5
5,2,75,1000000,60,31.5
5,3,100,100000,30,31.5
5,3,150,2000000,120,31.5
5,4,200,100000,30,31.5
3,4,100,1000000,15,31.75
4,3,100,1000000,15,31.75
4,4,200,1000000,15,31.75
5,2,100,1000000,15,31.75
5,3,200,1000000,15,31.75
3,4,50,1000000,120,32.0
3,4,100,2000000,30,32.0
4,3,50,1000000,120,32.0
4,3,100,2000000,30,32.0
4,4,150,1000000,120,32.0
4,4,200,2000000,30,32.0
5,2,50,1000000,120,32.0
5,2,100,2000000,30,32.0
5,3,150,1000000,120,32.0
5,3,200,2000000,30,32.0
3,4,75,500000,60,32.5
3,4,100,1000000,30,32.5
4,3,75,500000,60,32.5
4,3,100,1000000,30,32.5
4,4,200,1000000,30,32.5
5,2,75,500000,60,32.5
5,2,100,1000000,30,32.5
5,3,200,1000000,30,32.5
3,4,100,500000,15,32.75
4,3,100,500000,15,32.75
4,4,200,500000,15,32.75
5,2,100,500000,15,32.75
5,3,200,500000,15,32.75
3,4,50,500000,120,33.0
4,3,50,500000,120,33.0
4,4,100,100000,60,33.0
4,4,150,500000,120,33.0
5,2,50,500000,120,33.0
5,3,100,100000,60,33.0
5,3,150,500000,120,33.0
5,4,200,100000,60,33.0
3,4,25,100000,15,33.25
4,3,25,100000,15,33.25
5,2,25,100000,15,33.25
3,4,100,500000,30,33.5
3,4,100,2000000,60,33.5
4,3,100,500000,30,33.5
4,3,100,2000000,60,33.5
4,4,75,100000,120,33.5
4,4,200,500000,30,33.5
4,4,200,2000000,60,33.5
5,2,100,500000,30,33.5
5,2,100,2000000,60,33.5
5,3,75,100000,120,33.5
5,3,200,500000,30,33.5
5,3,200,2000000,60,33.5
3,3,25,2000000,15,33.75
4,2,25,2000000,15,33.75
5,1,25,2000000,15,33.75
3,4,25,100000,30,34.0
3,4,75,2000000,120,34.0
3,4,100,1000000,60,34.0
4,3,25,100000,30,34.0
4,3,75,2000000,120,34.0
4,3,100,1000000,60,34.0
4,4,200,1000000,60,34.0
5,2,25,100000,30,34.0
5,2,75,2000000,120,34.0
5,2,100,1000000,60,34.0
5,3,200,1000000,60,34.0
3,3,25,1000000,15,34.25
4,2,25,1000000,15,34.25
5,1,25,1000000,15,34.25
3,3,25,2000000,30,34.5
3,4,75,1000000,120,34.5
4,2,25,2000000,30,34.5
4,3,75,1000000,120,34.5
5,1,25,2000000,30,34.5
5,2,75,1000000,120,34.5
3,3,25,1000000,30,35.0
3,4,100,500000,60,35.0
4,2,25,1000000,30,35.0
4,3,100,500000,60,35.0
4,4,200,500000,60,35.0
5,1,25,1000000,30,35.0
5,2,100,500000,60,35.0
5,3,200,500000,60,35.0
3,3,25,500000,15,35.25
4,2,25,500000,15,35.25
5,1,25,500000,15,35.25
3,4,25,100000,60,35.5
3,4,75,500000,120,35.5
4,3,25,100000,60,35.5
4,3,75,500000,120,35.5
5,2,25,100000,60,35.5
5,2,75,500000,120,35.5
3,4,50,100000,15,35.75
4,3,50,100000,15,35.75
4,4,150,100000,15,35.75
5,2,50,100000,15,35.75
5,3,150,100000,15,35.75
3,3,25,500000,30,36.0
3,3,25,2000000,60,36.0
4,2,25,500000,30,36.0
4,2,25,2000000,60,36.0
4,4,100,100000,120,36.0
5,1,25,500000,30,36.0
5,1,25,2000000,60,36.0
5,3,100,100000,120,36.0
5,4,200,100000,120,36.0
3,3,50,2000000,15,36.25
3,4,150,2000000,15,36.25
4,2,50,2000000,15,36.25
4,3,150,2000000,15,36.25
5,1,50,2000000,15,36.25
5,2,150,2000000,15,36.25
3,3,25,1000000,60,36.5
3,4,50,100000,30,36.5
3,4,100,2000000,120,36.5
4,2,25,1000000,60,36.5
4,3,50,100000,30,36.5
4,3,100,2000000,120,36.5
4,4,150,100000,30,36.5
4,4,200,2000000,120,36.5
5,1,25,1000000,60,36.5
5,2,50,100000,30,36.5
5,2,100,2000000,120,36.5
5,3,150,100000,30,36.5
5,3,200,2000000,120,36.5
3,3,50,1000000,15,36.75
3,4,150,1000000,15,36.75
4,2,50,1000000,15,36.75
4,3,150,1000000,15,36.75
5,1,50,1000000,15,36.75
5,2,150,1000000,15,36.75
3,3,50,2000000,30,37.0
3,4,100,1000000,120,37.0
3,4,150,2000000,30,37.0
4,2,50,2000000,30,37.0
4,3,100,1000000,120,37.0
4,3,150,2000000,30,37.0
4,4,200,1000000,120,37.0
5,1,50,2000000,30,37.0
5,2,100,1000000,120,37.0
5,2,150,2000000,30,37.0
5,3,200,1000000,120,37.0
3,3,25,500000,60,37.5
3,3,50,1000000,30,37.5
3,4,150,1000000,30,37.5
4,2,25,500000,60,37.5
4,2,50,1000000,30,37.5
4,3,150,1000000,30,37.5
5,1,25,500000,60,37.5
5,1,50,1000000,30,37.5
5,2,150,1000000,30,37.5
3,3,50,500000,15,37.75
3,4,150,500000,15,37.75
4,2,50,500000,15,37.75
4,3,150,500000,15,37.75
5,1,50,500000,15,37.75
5,2,150,500000,15,37.75
3,4,50,100000,60,38.0
3,4,100,500000,120,38.0
4,3,50,100000,60,38.0
4,3,100,500000,120,38.0
4,4,150,100000,60,38.0
4,4,200,500000,120,38.0
5,2,50,100000,60,38.0
5,2,100,500000,120,38.0
5,3,150,100000,60,38.0
5,3,200,500000,120,38.0
3,4,75,100000,15,38.25
4,3,75,100000,15,38.25
5,2,75,100000,15,38.25
3,3,50,500000,30,38.5
3,3,50,2000000,60,38.5
3,4,25,100000,120,38.5
3,4,150,500000,30,38.5
3,4,150,2000000,60,38.5
4,2,50,500000,30,38.5
4,2,50,2000000,60,38.5
4,3,25,100000,120,38.5
4,3,150,500000,30,38.5
4,3,150,2000000,60,38.5
5,1,50,500000,30,38.5
5,1,50,2000000,60,38.5
5,2,25,100000,120,38.5
5,2,150,500000,30,38.5
5,2,150,2000000,60,38.5
3,3,75,2000000,15,38.75
4,2,75,2000000,15,38.75
5,1,75,2000000,15,38.75
3,3,25,2000000,120,39.0
3,3,50,1000000,60,39.0
3,4,75,100000,30,39.0
3,4,150,1000000,60,39.0
4,2,25,2000000,120,39.0
4,2,50,1000000,60,39.0
4,3,75,100000,30,39.0
4,3,150,1000000,60,39.0
5,1,25,2000000,120,39.0
5,1,50,1000000,60,39.0
5,2,75,100000,30,39.0
5,2,150,1000000,60,39.0
3,3,75,1000000,15,39.25
4,2,75,1000000,15,39.25
5,1,75,1000000,15,39.25
3,3,25,1000000,120,39.5
3,3,75,2000000,30,39.5
4,2,25,1000000,120,39.5
4,2,75,2000000,30,39.5
5,1,25,1000000,120,39.5
5,1,75,2000000,30,39.5
3,3,50,500000,60,40.0
3,3,75,1000000,30,40.0
3,4,150,500000,60,40.0
4,2,50,500000,60,40.0
4,2,75,1000000,30,40.0
4,3,150,500000,60,40.0
5,1,50,500000,60,40.0
5,1,75,1000000,30,40.0
5,2,150,500000,60,40.0
3,3,75,500000,15,40.25
4,2,75,500000,15,40.25
5,1,75,500000,15,40.25
3,3,25,500000,120,40.5
3,4,75,100000,60,40.5
4,2,25,500000,120,40.5
4,3,75,100000,60,40.5
5,1,25,500000,120,40.5
5,2,75,100000,60,40.5
3,4,100,100000,15,40.75
4,3,100,100000,15,40.75
4,4,200,100000,15,40.75
5,2,100,100000,15,40.75
5,3,200,100000,15,40.75
3,3,75,500000,30,41.0
3,3,75,2000000,60,41.0
3,4,50,100000,120,41.0
4,2,75,500000,30,41.0
4,2,75,2000000,60,41.0
4,3,50,100000,120,41.0
4,4,150,100000,120,41.0
5,1,75,500000,30,41.0
5,1,75,2000000,60,41.0
5,2,50,100000,120,41.0
5,3,150,100000,120,41.0
3,3,100,2000000,15,41.25
3,4,200,2000000,15,41.25
4,2,100,2000000,15,41.25
4,3,200,2000000,15,41.25
5,1,100,2000000,15,41.25
5,2,200,2000000,15,41.25
3,3,50,2000000,120,41.5
3,3,75,1000000,60,41.5
3,4,100,100000,30,41.5
3,4,150,2000000,120,41.5
4,2,50,2000000,120,41.5
4,2,75,1000000,60,41.5
4,3,100,100000,30,41.5
4,3,150,2000000,120,41.5
4,4,200,100000,30,41.5
5,1,50,2000000,120,41.5
5,1,75,1000000,60,41.5
5,2,100,100000,30,41.5
5,2,150,2000000,120,41.5
5,3,200,100000,30,41.5
3,3,100,1000000,15,41.75
3,4,200,1000000,15,41.75
4,2,100,1000000,15,41.75
4,3,200,1000000,15,41.75
5,1,100,1000000,15,41.75
5,2,200,1000000,15,41.75
3,3,50,1000000,120,42.0
3,3,100,2000000,30,42.0
3,4,150,1000000,120,42.0
3,4,200,2000000,30,42.0
4,2,50,1000000,120,42.0
4,2,100,2000000,30,42.0
4,3,150,1000000,120,42.0
4,3,200,2000000,30,42.0
5,1,50,1000000,120,42.0
5,1,100,2000000,30,42.0
5,2,150,1000000,120,42.0
5,2,200,2000000,30,42.0
3,3,75,500000,60,42.5
3,3,100,1000000,30,42.5
3,4,200,1000000,30,42.5
4,2,75,500000,60,42.5
4,2,100,1000000,30,42.5
4,3,200,1000000,30,42.5
5,1,75,500000,60,42.5
5,1,100,1000000,30,42.5
5,2,200,1000000,30,42.5
3,3,100,500000,15,42.75
3,4,200,500000,15,42.75
4,2,100,500000,15,42.75
4,3,200,500000,15,42.75
5,1,100,500000,15,42.75
5,2,200,500000,15,42.75
3,3,50,500000,120,43.0
3,4,100,100000,60,43.0
3,4,150,500000,120,43.0
4,2,50,500000,120,43.0
4,3,100,100000,60,43.0
4,3,150,500000,120,43.0
4,4,200,100000,60,43.0
5,1,50,500000,120,43.0
5,2,100,100000,60,43.0
5,2,150,500000,120,43.0
5,3,200,100000,60,43.0
3,3,25,100000,15,43.25
4,2,25,100000,15,43.25
5,1,25,100000,15,43.25
3,3,100,500000,30,43.5
3,3,100,2000000,60,43.5
3,4,75,100000,120,43.5
3,4,200,500000,30,43.5
3,4,200,2000000,60,43.5
4,2,100,500000,30,43.5
4,2,100,2000000,60,43.5
4,3,75,100000,120,43.5
4,3,200,500000,30,43.5
4,3,200,2000000,60,43.5
5,1,100,500000,30,43.5
5,1,100,2000000,60,43.5
5,2,75,100000,120,43.5
5,2,200,500000,30,43.5
5,2,200,2000000,60,43.5
3,2,25,2000000,15,43.75
4,1,25,2000000,15,43.75
3,3,25,100000,30,44.0
3,3,75,2000000,120,44.0
3,3,100,1000000,60,44.0
3,4,200,1000000,60,44.0
4,2,25,100000,30,44.0
4,2,75,2000000,120,44.0
4,2,100,1000000,60,44.0
4,3,200,1000000,60,44.0
5,1,25,100000,30,44.0
5,1,75,2000000,120,44.0
5,1,100,1000000,60,44.0
5,2,200,1000000,60,44.0
3,2,25,1000000,15,44.25
4,1,25,1000000,15,44.25
3,2,25,2000000,30,44.5
3,3,75,1000000,120,44.5
4,1,25,2000000,30,44.5
4,2,75,1000000,120,44.5
5,1,75,1000000,120,44.5
3,2,25,1000000,30,45.0
3,3,100,500000,60,45.0
3,4,200,500000,60,45.0
4,1,25,1000000,30,45.0
4,2,100,500000,60,45.0
4,3,200,500000,60,45.0
5,1,100,500000,60,45.0
5,2,200,500000,60,45.0
3,2,25,500000,15,45.25
4,1,25,500000,15,45.25
3,3,25,100000,60,45.5
3,3,75,500000,120,45.5
4,2,25,100000,60,45.5
4,2,75,500000,120,45.5
5,1,25,100000,60,45.5
5,1,75,500000,120,45.5
3,3,50,100000,15,45.75
3,4,150,100000,15,45.75
4,2,50,100000,15,45.75
4,3,150,100000,15,45.75
5,1,50,100000,15,45.75
5,2,150,100000,15,45.75
3,2,25,500000,30,46.0
3,2,25,2000000,60,46.0
3,4,100,100000,120,46.0
4,1,25,500000,30,46.0
4,1,25,2000000,60,46.0
4,3,100,100000,120,46.0
4,4,200,100000,120,46.0
5,2,100,100000,120,46.0
5,3,200,100000,120,46.0
3,2,50,2000000,15,46.25
3,3,150,2000000,15,46.25
4,1,50,2000000,15,46.25
4,2,150,2000000,15,46.25
5,1,150,2000000,15,46.25
3,2,25,1000000,60,46.5
3,3,50,100000,30,46.5
3,3,100,2000000,120,46.5
3,4,150,100000,30,46.5
3,4,200,2000000,120,46.5
4,1,25,1000000,60,46.5
4,2,50,100000,30,46.5
4,2,100,2000000,120,46.5
4,3,150,100000,30,46.5
4,3,200,2000000,120,46.5
5,1,50,100000,30,46.5
5,1,100,2000000,120,46.5
5,2,150,100000,30,46.5
5,2,200,2000000,120,46.5
3,2,50,1000000,15,46.75
3,3,150,1000000,15,46.75
4,1,50,1000000,15,46.75
4,2,150,1000000,15,46.75
5,1,150,1000000,15,46.75
3,2,50,2000000,30,47.0
3,3,100,1000000,120,47.0
3,3,150,2000000,30,47.0
3,4,200,1000000,120,47.0
4,1,50,2000000,30,47.0
4,2,100,1000000,120,47.0
4,2,150,2000000,30,47.0
4,3,200,1000000,120,47.0
5,1,100,1000000,120,47.0
5,1,150,2000000,30,47.0
5,2,200,1000000,120,47.0
3,2,25,500000,60,47.5
3,2,50,1000000,30,47.5
3,3,150,1000000,30,47.5
4,1,25,500000,60,47.5
4,1,50,1000000,30,47.5
4,2,150,1000000,30,47.5
5,1,150,1000000,30,47.5
3,2,50,500000,15,47.75
3,3,150,500000,15,47.75
4,1,50,500000,15,47.75
4,2,150,500000,15,47.75
5,1,150,500000,15,47.75
3,3,50,100000,60,48.0
3,3,100,500000,120,48.0
3,4,150,100000,60,48.0
3,4,200,500000,120,48.0
4,2,50,100000,60,48.0
4,2,100,500000,120,48.0
4,3,150,100000,60,48.0
4,3,200,500000,120,48.0
5,1,50,100000,60,48.0
5,1,100,500000,120,48.0
5,2,150,100000,60,48.0
5,2,200,500000,120,48.0
3,3,75,100000,15,48.25
4,2,75,100000,15,48.25
5,1,75,100000,15,48.25
3,2,50,500000,30,48.5
3,2,50,2000000,60,48.5
3,3,25,100000,120,48.5
3,3,150,500000,30,48.5
3,3,150,2000000,60,48.5
4,1,50,500000,30,48.5
4,1,50,2000000,60,48.5
4,2,25,100000,120,48.5
4,2,150,500000,30,48.5
4,2,150,2000000,60,48.5
5,1,25,100000,120,48.5
5,1,150,500000,30,48.5
5,1,150,2000000,60,48.5
3,2,75,2000000,15,48.75
4,1,75,2000000,15,48.75
3,2,25,2000000,120,49.0
3,2,50,1000000,60,49.0
3,3,75,100000,30,49.0
3,3,150,1000000,60,49.0
4,1,25,2000000,120,49.0
4,1,50,1000000,60,49.0
4,2,75,100000,30,49.0
4,2,150,1000000,60,49.0
5,1,75,100000,30,49.0
5,1,150,1000000,60,49.0
3,2,75,1000000,15,49.25
4,1,75,1000000,15,49.25
3,2,25,1000000,120,49.5
3,2,75,2000000,30,49.5
4,1,25,1000000,120,49.5
4,1,75,2000000,30,49.5
3,2,50,500000,60,50.0
3,2,75,1000000,30,50.0
3,3,150,500000,60,50.0
4,1,50,500000,60,50.0
4,1,75,1000000,30,50.0
4,2,150,500000,60,50.0
5,1,150,500000,60,50.0
3,2,75,500000,15,50.25
4,1,75,500000,15,50.25
3,2,25,500000,120,50.5
3,3,75,100000,60,50.5
4,1,25,500000,120,50.5
4,2,75,100000,60,50.5
5,1,75,100000,60,50.5
3,3,100,100000,15,50.75
3,4,200,100000,15,50.75
4,2,100,100000,15,50.75
4,3,200,100000,15,50.75
5,1,100,100000,15,50.75
5,2,200,100000,15,50.75
3,2,75,500000,30,51.0
3,2,75,2000000,60,51.0
3,3,50,100000,120,51.0
3,4,150,100000,120,51.0
4,1,75,500000,30,51.0
4,1,75,2000000,60,51.0
4,2,50,100000,120,51.0
4,3,150,100000,120,51.0
5,1,50,100000,120,51.0
5,2,150,100000,120,51.0
3,2,100,2000000,15,51.25
3,3,200,2000000,15,51.25
4,1,100,2000000,15,51.25
4,2,200,2000000,15,51.25
5,1,200,2000000,15,51.25
3,2,50,2000000,120,51.5
3,2,75,1000000,60,51.5
3,3,100,100000,30,51.5
3,3,150,2000000,120,51.5
3,4,200,100000,30,51.5
4,1,50,2000000,120,51.5
4,1,75,1000000,60,51.5
4,2,100,100000,30,51.5
4,2,150,2000000,120,51.5
4,3,200,100000,30,51.5
5,1,100,100000,30,51.5
5,1,150,2000000,120,51.5
5,2,200,100000,30,51.5
3,2,100,1000000,15,51.75
3,3,200,1000000,15,51.75
4,1,100,1000000,15,51.75
4,2,200,1000000,15,51.75
5,1,200,1000000,15,51.75
3,2,50,1000000,120,52.0
3,2,100,2000000,30,52.0
3,3,150,1000000,120,52.0
3,3,200,2000000,30,52.0
4,1,50,1000000,120,52.0
4,1,100,2000000,30,52.0
4,2,150,1000000,120,52.0
4,2,200,2000000,30,52.0
5,1,150,1000000,120,52.0
5,1,200,2000000,30,52.0
3,2,75,500000,60,52.5
3,2,100,1000000,30,52.5
3,3,200,1000000,30,52.5
4,1,75,500000,60,52.5
4,1,100,1000000,30,52.5
4,2,200,1000000,30,52.5
5,1,200,1000000,30,52.5
3,2,100,500000,15,52.75
3,3,200,500000,15,52.75
4,1,100,500000,15,52.75
4,2,200,500000,15,52.75
5,1,200,500000,15,52.75
3,2,50,500000,120,53.0
3,3,100,100000,60,53.0
3,3,150,500000,120,53.0
3,4,200,100000,60,53.0
4,1,50,500000,120,53.0
4,2,100,100000,60,53.0
4,2,150,500000,120,53.0
4,3,200,100000,60,53.0
5,1,100,100000,60,53.0
5,1,150,500000,120,53.0
5,2,200,100000,60,53.0
3,2,25,100000,15,53.25
4,1,25,100000,15,53.25
3,2,100,500000,30,53.5
3,2,100,2000000,60,53.5
3,3,75,100000,120,53.5
3,3,200,500000,30,53.5
3,3,200,2000000,60,53.5
4,1,100,500000,30,53.5
4,1,100,2000000,60,53.5
4,2,75,100000,120,53.5
4,2,200,500000,30,53.5
4,2,200,2000000,60,53.5
5,1,75,100000,120,53.5
5,1,200,500000,30,53.5
5,1,200,2000000,60,53.5
3,1,25,2000000,15,53.75
3,2,25,100000,30,54.0
3,2,75,2000000,120,54.0
3,2,100,1000000,60,54.0
3,3,200,1000000,60,54.0
4,1,25,100000,30,54.0
4,1,75,2000000,120,54.0
4,1,100,1000000,60,54.0
4,2,200,1000000,60,54.0
5,1,200,1000000,60,54.0
3,1,25,1000000,15,54.25
3,1,25,2000000,30,54.5
3,2,75,1000000,120,54.5
4,1,75,1000000,120,54.5
3,1,25,1000000,30,55.0
3,2,100,500000,60,55.0
3,3,200,500000,60,55.0
4,1,100,500000,60,55.0
4,2,200,500000,60,55.0
5,1,200,500000,60,55.0
3,1,25,500000,15,55.25
3,2,25,100000,60,55.5
3,2,75,500000,120,55.5
4,1,25,100000,60,55.5
4,1,75,500000,120,55.5
3,2,50,100000,15,55.75
3,3,150,100000,15,55.75
4,1,50,100000,15,55.75
4,2,150,100000,15,55.75
5,1,150,100000,15,55.75
3,1,25,500000,30,56.0
3,1,25,2000000,60,56.0
3,3,100,100000,120,56.0
3,4,200,100000,120,56.0
4,2,100,100000,120,56.0
4,3,200,100000,120,56.0
5,1,100,100000,120,56.0
5,2,200,100000,120,56.0
3,1,50,2000000,15,56.25
3,2,150,2000000,15,56.25
4,1,150,2000000,15,56.25
3,1,25,1000000,60,56.5
3,2,50,100000,30,56.5
3,2,100,2000000,120,56.5
3,3,150,100000,30,56.5
3,3,200,2000000,120,56.5
4,1,50,100000,30,56.5
4,1,100,2000000,120,56.5
4,2,150,100000,30,56.5
4,2,200,2000000,120,56.5
5,1,150,100000,30,56.5
5,1,200,2000000,120,56.5
3,1,50,1000000,15,56.75
3,2,150,1000000,15,56.75
4,1,150,1000000,15,56.75
3,1,50,2000000,30,57.0
3,2,100,1000000,120,57.0
3,2,150,2000000,30,57.0
3,3,200,1000000,120,57.0
4,1,100,1000000,120,57.0
4,1,150,2000000,30,57.0
4,2,200,1000000,120,57.0
5,1,200,1000000,120,57.0
3,1,25,500000,60,57.5
3,1,50,1000000,30,57.5
3,2,150,1000000,30,57.5
4,1,150,1000000,30,57.5
3,1,50,500000,15,57.75
3,2,150,500000,15,57.75
4,1,150,500000,15,57.75
3,2,50,100000,60,58.0
3,2,100,500000,120,58.0
3,3,150,100000,60,58.0
3,3,200,500000,120,58.0
4,1,50,100000,60,58.0
4,1,100,500000,120,58.0
4,2,150,100000,60,58.0
4,2,200,500000,120,58.0
5,1,150,100000,60,58.0
5,1,200,500000,120,58.0
3,2,75,100000,15,58.25
4,1,75,100000,15,58.25
3,1,50,500000,30,58.5
3,1,50,2000000,60,58.5
3,2,25,100000,120,58.5
3,2,150,500000,30,58.5
3,2,150,2000000,60,58.5
4,1,25,100000,120,58.5
4,1,150,500000,30,58.5
4,1,150,2000000,60,58.5
3,1,75,2000000,15,58.75
3,1,25,2000000,120,59.0
3,1,50,1000000,60,59.0
3,2,75,100000,30,59.0
3,2,150,1000000,60,59.0
4,1,75,100000,30,59.0
4,1,150,1000000,60,59.0
3,1,75,1000000,15,59.25
3,1,25,1000000,120,59.5
3,1,75,2000000,30,59.5
3,1,50,500000,60,60.0
3,1,75,1000000,30,60.0
3,2,150,500000,60,60.0
4,1,150,500000,60,60.0
3,1,75,500000,15,60.25
3,1,25,500000,120,60.5
3,2,75,100000,60,60.5
4,1,75,100000,60,60.5
3,2,100,100000,15,60.75
3,3,200,100000,15,60.75
4,1,100,100000,15,60.75
4,2,200,100000,15,60.75
5,1,200,100000,15,60.75
3,1,75,500000,30,61.0
3,1,75,2000000,60,61.0
3,2,50,100000,120,61.0
3,3,150,100000,120,61.0
4,1,50,100000,120,61.0
4,2,150,100000,120,61.0
5,1,150,100000,120,61.0
3,1,100,2000000,15,61.25
3,2,200,2000000,15,61.25
4,1,200,2000000,15,61.25
3,1,50,2000000,120,61.5
3,1,75,1000000,60,61.5
3,2,100,100000,30,61.5
3,2,150,2000000,120,61.5
3,3,200,100000,30,61.5
4,1,100,100000,30,61.5
4,1,150,2000000,120,61.5
4,2,200,100000,30,61.5
5,1,200,100000,30,61.5
3,1,100,1000000,15,61.75
3,2,200,1000000,15,61.75
4,1,200,1000000,15,61.75
3,1,50,1000000,120,62.0
3,1,100,2000000,30,62.0
3,2,150,1000000,120,62.0
3,2,200,2000000,30,62.0
4,1,150,1000000,120,62.0
4,1,200,2000000,30,62.0
3,1,75,500000,60,62.5
3,1,100,1000000,30,62.5
3,2,200,1000000,30,62.5
4,1,200,1000000,30,62.5
3,1,100,500000,15,62.75
3,2,200,500000,15,62.75
4,1,200,500000,15,62.75
3,1,50,500000,120,63.0
3,2,100,100000,60,63.0
3,2,150,500000,120,63.0
3,3,200,100000,60,63.0
4,1,100,100000,60,63.0
4,1,150,500000,120,63.0
4,2,200,100000,60,63.0
5,1,200,100000,60,63.0
3,1,25,100000,15,63.25
3,1,100,500000,30,63.5
3,1,100,2000000,60,63.5
3,2,75,100000,120,63.5
3,2,200,500000,30,63.5
3,2,200,2000000,60,63.5
4,1,75,100000,120,63.5
4,1,200,500000,30,63.5
4,1,200,2000000,60,63.5
3,1,25,100000,30,64.0
3,1,75,2000000,120,64.0
3,1,100,1000000,60,64.0
3,2,200,1000000,60,64.0
4,1,200,1000000,60,64.0
3,1,75,1000000,120,64.5
3,1,100,500000,60,65.0
3,2,200,500000,60,65.0
4,1,200,500000,60,65.0
3,1,25,100000,60,65.5
3,1,75,500000,120,65.5
3,1,50,100000,15,65.75
3,2,150,100000,15,65.75
4,1,150,100000,15,65.75
3,2,100,100000,120,66.0
3,3,200,100000,120,66.0
4,1,100,100000,120,66.0
4,2,200,100000,120,66.0
5,1,200,100000,120,66.0
3,1,150,2000000,15,66.25
3,1,50,100000,30,66.5
3,1,100,2000000,120,66.5
3,2,150,100000,30,66.5
3,2,200,2000000,120,66.5
4,1,150,100000,30,66.5
4,1,200,2000000,120,66.5
3,1,150,1000000,15,66.75
3,1,100,1000000,120,67.0
3,1,150,2000000,30,67.0
3,2,200,1000000,120,67.0
4,1,200,1000000,120,67.0
3,1,150,1000000,30,67.5
3,1,150,500000,15,67.75
3,1,50,100000,60,68.0
3,1,100,500000,120,68.0
3,2,150,100000,60,68.0
3,2,200,500000,120,68.0
4,1,150,100000,60,68.0
4,1,200,500000,120,68.0
3,1,75,100000,15,68.25
3,1,25,100000,120,68.5
3,1,150,500000,30,68.5
3,1,150,2000000,60,68.5
3,1,75,100000,30,69.0
3,1,150,1000000,60,69.0
3,1,150,500000,60,70.0
3,1,75,100000,60,70.5
3,1,100,100000,15,70.75
3,2,200,100000,15,70.75
4,1,200,100000,15,70.75
3,1,50,100000,120,71.0
3,2,150,100000,120,71.0
4,1,150,100000,120,71.0
3,1,200,2000000,15,71.25
3,1,100,100000,30,71.5
3,1,150,2000000,120,71.5
3,2,200,100000,30,71.5
4,1,200,100000,30,71.5
3,1,200,1000000,15,71.75
3,1,150,1000000,120,72.0
3,1,200,2000000,30,72.0
3,1,200,1000000,30,72.5
3,1,200,500000,15,72.75
3,1,100,100000,60,73.0
3,1,150,500000,120,73.0
3,2,200,100000,60,73.0
4,1,200,100000,60,73.0
3,1,75,100000,120,73.5
3,1,200,500000,30,73.5
3,1,200,2000000,60,73.5
3,1,200,1000000,60,74.0
3,1,200,500000,60,75.0
3,1,150,100000,15,75.75
3,1,100,100000,120,76.0
3,2,200,100000,120,76.0
4,1,200,100000,120,76.0
3,1,150,100000,30,76.5
3,1,200,2000000,120,76.5
3,1,200,1000000,120,77.0
3,1,150,100000,60,78.0
3,1,200,500000,120,78.0
3,1,200,100000,15,80.75
3,1,150,100000,120,81.0
3,1,200,100000,30,81.5
3,1,200,100000,60,83.0
3,1,200,100000,120,86.0
